{
  "changedTouches": [
    [
      Circular
    ]
  ],
  "identifier": 0,
  "locationX": 192.15402221679688,
  "locationY": 326.71429443359375,
  "pageX": 192.15402221679688,
  "pageY": 326.71429443359375,
  "target": 3,
  "timestamp": 102955419,
  "touches": [
    [
      Circular
    ]
  ]
}
